<?xml version="1.0" encoding="UTF-8"?>
<!DOCTYPE suite SYSTEM "http://testng.org/testng-1.0.dtd">
<suite name="NYTimes">

	<listeners>
		<listener class-name="com.NY.utils.MyTestListener"/>
	</listeners>

	<test thread-count="5" name="NYTimesTests">

		<parameter name="browser" value="chrome"></parameter>
		<parameter name="url" value="https://www.nytimes.com/international/" />
		<classes>
			<class name="com.NY.utils.BaseClass"/>
			<class name="com.NY.testScripts.NYTBasicTests">
				<methods>
					<include name="TC_001"></include>
					<include name="TC_002"></include>
					<include name="TC_003"></include>
					<include name="TC_004"></include>
				</methods>
			</class>
		</classes>
	</test> <!--Test -->


</suite> <!-- Suite -->
