<?xml version="1.0" encoding="UTF-8"?>

<Locators>

    <!--

			please use below keywords to determine locators for native view:
    		By.id = 'id='
    		By.xpath = '//'
    		By.className = 'class='
    		By.name = 'name='
    -->

    <HomePage>
        <TodaysDate><![CDATA[//span[@data-testid='todays-date']]]></TodaysDate>
        <SearchIcon><![CDATA[//button[@data-testid='search-button']]]></SearchIcon>
        <SearchTextField><![CDATA[//div[@id='search-input']//input[@data-testid='search-input' and @placeholder='SEARCH']]]></SearchTextField>
        <GOButton><![CDATA[//div[@id='search-input']//button[@data-testid='search-submit']]]></GOButton>
    </HomePage>

    <SearchResultPage>
        <SearchResultList><![CDATA[//li[@data-testid='search-bodega-result']//H4]]></SearchResultList>


    </SearchResultPage>


</Locators>